<?xml version="1.0" encoding="UTF-8"?>
<project-private xmlns="http://www.netbeans.org/ns/project-private/1">
    <editor-bookmarks xmlns="http://www.netbeans.org/ns/editor-bookmarks/2" lastBookmarkId="0"/>
    <open-files xmlns="http://www.netbeans.org/ns/projectui-open-files/2">
        <group>
            <file>file:/C:/Users/e5582643/Documents/NetBeansProjects/DotPH/src/dotph/HomePage.java</file>
            <file>file:/C:/Users/e5582643/Documents/NetBeansProjects/DotPH/src/dotph/DomainPage.java</file>
            <file>file:/C:/Users/e5582643/Documents/NetBeansProjects/DotPH/src/dotph/ProductPage.java</file>
            <file>file:/C:/Users/e5582643/Documents/NetBeansProjects/DotPH/src/dotph/DotPH.java</file>
            <file>file:/C:/Users/e5582643/Documents/NetBeansProjects/DotPH/src/dotph/MarketplacePage.java</file>
            <file>file:/C:/Users/e5582643/Documents/NetBeansProjects/DotPH/src/dotph/AboutPage.java</file>
            <file>file:/C:/Users/e5582643/Documents/NetBeansProjects/DotPH/src/dotph/HostPage.java</file>
            <file>file:/C:/Users/e5582643/Documents/NetBeansProjects/DotPH/src/dotph/LoginPage.java</file>
        </group>
    </open-files>
</project-private>
